bicycle_count,date,year,coordinates,long,lat
26400,20160921,2016,POINT (12.565491397230991 55.67796084860272),12.565491397230991,55.67796084860272
7600,20180927,2018,POINT (12.587600106423727 55.68116360238515),12.587600106423727,55.68116360238515
5500,20180927,2018,POINT (12.587161874224892 55.67576459605928),12.587161874224892,55.67576459605928
42600,20190912,2019,POINT (12.563784830098982 55.68673054140091),12.563784830098982,55.68673054140091
10000,20190904,2019,POINT (12.557917540101617 55.67797681383055),12.557917540101617,55.67797681383055
4200,20190613,2019,POINT (12.510990440718215 55.65050283197625),12.510990440718215,55.65050283197625
2200,20190507,2019,POINT (12.599845636263538 55.63848509063259),12.599845636263538,55.63848509063259
3300,20151001,2015,POINT (12.572503733886563 55.6759724596037),12.572503733886563,55.6759724596037
1500,20180619,2018,POINT (12.572683528145083 55.683211342280345),12.572683528145083,55.683211342280345
21000,20190912,2019,POINT (12.566369474794929 55.685708418286154),12.566369474794929,55.685708418286154
7100,20190515,2019,POINT (12.525153439020626 55.72710588532442),12.525153439020626,55.72710588532442
2800,20190509,2019,POINT (12.467131018190686 55.71336181629868),12.467131018190686,55.71336181629868
3300,20190508,2019,POINT (12.501067806935957 55.64241479721176),12.501067806935957,55.64241479721176
14900,20190925,2019,POINT (12.566545050457881 55.68641228608003),12.566545050457881,55.68641228608003
2700,20190523,2019,POINT (12.487389543509753 55.677771624338185),12.487389543509753,55.677771624338185
30500,20190925,2019,POINT (12.559080062995465 55.681775659145515),12.559080062995465,55.681775659145515
6500,20190515,2019,POINT (12.50390557494531 55.7134171158951),12.50390557494531,55.7134171158951
5400,20170517,2017,POINT (12.524266152957384 55.69677357124775),12.524266152957384,55.69677357124775
18100,20190912,2019,POINT (12.548166594681598 55.693760453842565),12.548166594681598,55.693760453842565
1900,20190509,2019,POINT (12.468280663263844 55.69149076083171),12.468280663263844,55.69149076083171
4100,20190911,2019,POINT (12.569969800636589 55.66710839094156),12.569969800636589,55.66710839094156
26200,20190918,2019,POINT (12.586998878059132 55.67489294070491),12.586998878059132,55.67489294070491
19200,20180927,2018,POINT (12.582295655249021 55.67998567768585),12.582295655249021,55.67998567768585
22400,20190917,2019,POINT (12.578524713360443 55.67042883796164),12.578524713360443,55.67042883796164
11300,20190911,2019,POINT (12.56231015080022 55.702095673593895),12.56231015080022,55.702095673593895
11100,20180926,2018,POINT (12.570985144966079 55.68203718389299),12.570985144966079,55.68203718389299
10600,20151001,2015,POINT (12.56673819245438 55.67921630423488),12.56673819245438,55.67921630423488
5600,20190508,2019,POINT (12.476224094045241 55.67272468616919),12.476224094045241,55.67272468616919
2300,20190612,2019,POINT (12.55037701730951 55.64161980604726),12.55037701730951,55.64161980604726
1700,20190509,2019,POINT (12.46813625451385 55.69993412700755),12.46813625451385,55.69993412700755
9700,20180927,2018,POINT (12.585604179900852 55.68182401685068),12.585604179900852,55.68182401685068
3400,20190905,2019,POINT (12.59041180278704 55.69918161400109),12.59041180278704,55.69918161400109
9400,20190514,2019,POINT (12.577449894629323 55.72376879642313),12.577449894629323,55.72376879642313
8400,20150929,2015,POINT (12.573390208881456 55.68982339564058),12.573390208881456,55.68982339564058
1400,20190508,2019,POINT (12.486466414448623 55.65226217613392),12.486466414448623,55.65226217613392
5700,20190620,2019,POINT (12.535682770235717 55.71288570702341),12.535682770235717,55.71288570702341
4500,20190620,2019,POINT (12.541381291042658 55.71948658627079),12.541381291042658,55.71948658627079
4200,20190515,2019,POINT (12.545781356308602 55.7225462577602),12.545781356308602,55.7225462577602
12000,20190620,2019,POINT (12.566772436603433 55.67536449909181),12.566772436603433,55.67536449909181
7000,20190926,2019,POINT (12.561949332841802 55.67569778126634),12.561949332841802,55.67569778126634
8500,20190613,2019,POINT (12.518333385402117 55.661660987474434),12.518333385402117,55.661660987474434
2200,20190508,2019,POINT (12.485722160115412 55.65466783328446),12.485722160115412,55.65466783328446
2800,20190613,2019,POINT (12.482843073467711 55.66353306540168),12.482843073467711,55.66353306540168
2900,20190905,2019,POINT (12.591555819239035 55.69948510717175),12.591555819239035,55.69948510717175
2800,20190911,2019,POINT (12.56426472096164 55.70566503366393),12.56426472096164,55.70566503366393
22000,20190905,2019,POINT (12.579590922431816 55.696738954035304),12.579590922431816,55.696738954035304
11500,20180913,2018,POINT (12.56624810830595 55.68702946472226),12.56624810830595,55.68702946472226
12900,20140513,2014,POINT (12.555942314686671 55.68340207576481),12.555942314686671,55.68340207576481
3400,20190507,2019,POINT (12.616641064774113 55.641582551118255),12.616641064774113,55.641582551118255
600,20190507,2019,POINT (12.642569861925963 55.64625528762304),12.642569861925963,55.64625528762304
3900,20150609,2015,POINT (12.59553402294219 55.68680821210819),12.59553402294219,55.68680821210819
14400,20140902,2014,POINT (12.581091083219517 55.69527947913001),12.581091083219517,55.69527947913001
11300,20190523,2019,POINT (12.538699975241007 55.653779785554775),12.538699975241007,55.653779785554775
9300,20180925,2018,POINT (12.59369094974512 55.69501819560997),12.59369094974512,55.69501819560997
19500,20190905,2019,POINT (12.56985086796188 55.69174745981588),12.56985086796188,55.69174745981588
1900,20190515,2019,POINT (12.521733883992844 55.72256218294855),12.521733883992844,55.72256218294855
1800,20190515,2019,POINT (12.513114079444913 55.71814905021928),12.513114079444913,55.71814905021928
5100,20190904,2019,POINT (12.565332825581402 55.6699136470963),12.565332825581402,55.6699136470963
900,20190509,2019,POINT (12.457766659268664 55.70737545125908),12.457766659268664,55.70737545125908
1800,20190507,2019,POINT (12.628381928777406 55.644321528356485),12.628381928777406,55.644321528356485
2100,20190507,2019,POINT (12.588758493854064 55.63804014120539),12.588758493854064,55.63804014120539
8800,20180920,2018,POINT (12.58108086012055 55.68306269833364),12.58108086012055,55.68306269833364
2300,20190509,2019,POINT (12.468194045046438 55.71323136395116),12.468194045046438,55.71323136395116
900,20190514,2019,POINT (12.559603740554357 55.722607994675045),12.559603740554357,55.722607994675045
3900,20190514,2019,POINT (12.568556754187211 55.72939153042308),12.568556754187211,55.72939153042308
300,20170504,2017,POINT (12.633782421132697 55.645498354194466),12.633782421132697,55.645498354194466
800,20190514,2019,POINT (12.57393655179169 55.72906722707083),12.57393655179169,55.72906722707083
9800,20140930,2014,POINT (12.579650508668696 55.68714796433991),12.579650508668696,55.68714796433991
16100,20150929,2015,POINT (12.575474654048154 55.688949027631466),12.575474654048154,55.688949027631466
28800,20191001,2019,POINT (12.59523196609638 55.670157664232065),12.59523196609638,55.670157664232065
6300,20181024,2018,POINT (12.560427598468346 55.70270671465646),12.560427598468346,55.70270671465646
13200,20180926,2018,POINT (12.569644529771258 55.68610702378902),12.569644529771258,55.68610702378902
8800,20160428,2016,POINT (12.577468746205687 55.68702493169137),12.577468746205687,55.68702493169137
8300,20191001,2019,POINT (12.598300096744339 55.6657139417284),12.598300096744339,55.6657139417284
13500,20140522,2014,POINT (12.607513666470583 55.65841463655803),12.607513666470583,55.65841463655803
2700,20140917,2014,POINT (12.502642892345266 55.69638366438825),12.502642892345266,55.69638366438825
1900,20150520,2015,POINT (12.513850359733954 55.705537445212705),12.513850359733954,55.705537445212705
5400,20141008,2014,POINT (12.583917949382636 55.68234291168296),12.583917949382636,55.68234291168296
24400,20180918,2018,POINT (12.559472902659957 55.66466355558428),12.559472902659957,55.66466355558428
900,20180620,2018,POINT (12.569758490421112 55.67664988074274),12.569758490421112,55.67664988074274
19600,20190919,2019,POINT (12.53403496752496 55.70169207674738),12.53403496752496,55.70169207674738
6100,20150527,2015,POINT (12.5000085839954 55.70450968678197),12.5000085839954,55.70450968678197
9400,20170920,2017,POINT (12.559763803403113 55.6885602649865),12.559763803403113,55.6885602649865
18100,20190904,2019,POINT (12.556001299281931 55.67382051591301),12.556001299281931,55.67382051591301
7100,20190613,2019,POINT (12.514686665905312 55.65901039277438),12.514686665905312,55.65901039277438
14000,20180927,2018,POINT (12.584855715162341 55.68156864607603),12.584855715162341,55.68156864607603
22100,20190919,2019,POINT (12.566332332461757 55.661678105791204),12.566332332461757,55.661678105791204
6700,20140429,2014,POINT (12.531994374434866 55.69682196140082),12.531994374434866,55.69682196140082
13000,20160518,2016,POINT (12.585985653091363 55.67854401718392),12.585985653091363,55.67854401718392
2400,20150505,2015,POINT (12.512503656548168 55.69619352707261),12.512503656548168,55.69619352707261
8500,20171011,2017,POINT (12.537411566532827 55.70197538762556),12.537411566532827,55.70197538762556
5400,20161011,2016,POINT (12.591300660819112 55.67965165246201),12.591300660819112,55.67965165246201
9000,20180920,2018,POINT (12.545133225426333 55.68656014647919),12.545133225426333,55.68656014647919
29000,20180913,2018,POINT (12.548233818149361 55.69473241036392),12.548233818149361,55.69473241036392
13700,20180925,2018,POINT (12.564253839393876 55.685124266082234),12.564253839393876,55.685124266082234
2600,20181127,2018,POINT (12.48365581292913 55.67348017896393),12.48365581292913,55.67348017896393
2200,20150505,2015,POINT (12.504013044387477 55.69003800744332),12.504013044387477,55.69003800744332
4400,20190606,2019,POINT (12.591770173676524 55.64559953042936),12.591770173676524,55.64559953042936
2700,20181113,2018,POINT (12.493649088480336 55.69417606285978),12.493649088480336,55.69417606285978
10700,20190926,2019,POINT (12.57364869460364 55.674707111539924),12.57364869460364,55.674707111539924
7100,20190514,2019,POINT (12.576238173524652 55.72883669346155),12.576238173524652,55.72883669346155
3500,20170831,2017,POINT (12.586158262593992 55.713457259135154),12.586158262593992,55.713457259135154
10100,20170906,2017,POINT (12.577435677118277 55.716177077721326),12.577435677118277,55.716177077721326
10300,20190911,2019,POINT (12.566819590887349 55.67121065622802),12.566819590887349,55.67121065622802
7700,20180614,2018,POINT (12.516229377445395 55.66375539412426),12.516229377445395,55.66375539412426
4200,20150507,2015,POINT (12.521782649305086 55.706433033894655),12.521782649305086,55.706433033894655
5400,20180614,2018,POINT (12.492999492499482 55.66937200862737),12.492999492499482,55.66937200862737
1000,20130514,2013,POINT (12.484198727622587 55.67174703184804),12.484198727622587,55.67174703184804
2500,20190507,2019,POINT (12.590998208040155 55.64247929041645),12.590998208040155,55.64247929041645
7200,20190522,2019,POINT (12.603504596833632 55.6685097641376),12.603504596833632,55.6685097641376
7400,20150924,2015,POINT (12.569843702519954 55.67751142880136),12.569843702519954,55.67751142880136
7200,20151001,2015,POINT (12.56790105639275 55.67705949302887),12.56790105639275,55.67705949302887
4900,20111006,2011,POINT (12.53979966103139 55.662798150064866),12.53979966103139,55.662798150064866
3400,20110412,2011,POINT (12.49819552100805 55.659840110043966),12.49819552100805,55.659840110043966
600,20110407,2011,POINT (12.500896609491463 55.64311133835351),12.500896609491463,55.64311133835351
3700,20190528,2019,POINT (12.612771649757864 55.660257930740684),12.612771649757864,55.660257930740684
13800,20190925,2019,POINT (12.577422195632968 55.708661689376065),12.577422195632968,55.708661689376065
9100,20140902,2014,POINT (12.579452594425002 55.695142622656924),12.579452594425002,55.695142622656924
4600,20090915,2009,POINT (12.57885555254339 55.69560114227417),12.57885555254339,55.69560114227417
2400,20181218,2018,POINT (12.486200462958802 55.6774352762177),12.486200462958802,55.6774352762177
3600,20180628,2018,POINT (12.479075258756431 55.69726228711753),12.479075258756431,55.69726228711753
3000,20181023,2018,POINT (12.488670643823333 55.67303495187127),12.488670643823333,55.67303495187127
8100,20190606,2019,POINT (12.593784307072147 55.6622484043954),12.593784307072147,55.6622484043954
8100,20160512,2016,POINT (12.57541028815649 55.69849550371397),12.57541028815649,55.69849550371397
5600,20190911,2019,POINT (12.580652334787487 55.69647486192935),12.580652334787487,55.69647486192935
23100,20180926,2018,POINT (12.574605635913462 55.684319751246825),12.574605635913462,55.684319751246825
2500,20140423,2014,POINT (12.545677974815254 55.70175857800831),12.545677974815254,55.70175857800831
8100,20180905,2018,POINT (12.564288130384158 55.678086368264545),12.564288130384158,55.678086368264545
3200,20171005,2017,POINT (12.540763765255178 55.66840513635533),12.540763765255178,55.66840513635533
1500,20151001,2015,POINT (12.572370905125684 55.67532814692513),12.572370905125684,55.67532814692513
6500,20190606,2019,POINT (12.595361987487026 55.6549506072329),12.595361987487026,55.6549506072329
3700,20151001,2015,POINT (12.567597366293825 55.677921328489916),12.567597366293825,55.677921328489916
2100,20190522,2019,POINT (12.617216032690916 55.66898489618827),12.617216032690916,55.66898489618827
2500,20150408,2015,POINT (12.58794659029224 55.70695222377981),12.58794659029224,55.70695222377981
1200,20160830,2016,POINT (12.625904807236981 55.6689728248219),12.625904807236981,55.6689728248219
7800,20190521,2019,POINT (12.57967575633036 55.669340001343414),12.57967575633036,55.669340001343414
1600,20180619,2018,POINT (12.571810503303972 55.68244314086547),12.571810503303972,55.68244314086547
3500,20121003,2012,POINT (12.527849082219781 55.650801347764755),12.527849082219781,55.650801347764755
4700,20190613,2019,POINT (12.492608916607372 55.67250052877466),12.492608916607372,55.67250052877466
1200,20190508,2019,POINT (12.477994530667289 55.66045737251951),12.477994530667289,55.66045737251951
8100,20160512,2016,POINT (12.565580692425566 55.69324886175112),12.565580692425566,55.69324886175112
3000,20180626,2018,POINT (12.480355661007549 55.69928706880264),12.480355661007549,55.69928706880264
8800,20130523,2013,POINT (12.561380136458874 55.69551076059095),12.561380136458874,55.69551076059095
3400,20191001,2019,POINT (12.592889163763974 55.66795540243491),12.592889163763974,55.66795540243491
600,20140507,2014,POINT (12.529691551199551 55.720915386409345),12.529691551199551,55.720915386409345
2600,20190612,2019,POINT (12.598168598146442 55.64573286252504),12.598168598146442,55.64573286252504
8600,20190910,2019,POINT (12.564051414660698 55.706747764334814),12.564051414660698,55.706747764334814
12200,20160922,2016,POINT (12.553719497333727 55.69951000919431),12.553719497333727,55.69951000919431
5600,20120904,2012,POINT (12.541090617224029 55.68805241544051),12.541090617224029,55.68805241544051
2000,20110412,2011,POINT (12.51685576884347 55.66436389948568),12.51685576884347,55.66436389948568
1500,20161102,2016,POINT (12.501751508270814 55.65122258760665),12.501751508270814,55.65122258760665
6600,20150929,2015,POINT (12.574226254035741 55.69014553168485),12.574226254035741,55.69014553168485
6700,20190606,2019,POINT (12.595452191652946 55.662402942530434),12.595452191652946,55.662402942530434
1500,20190612,2019,POINT (12.608134734098194 55.63934231769066),12.608134734098194,55.63934231769066
3400,20160519,2016,POINT (12.560465771275801 55.70982157671317),12.560465771275801,55.70982157671317
6800,20171012,2017,POINT (12.535578179525254 55.6976243084585),12.535578179525254,55.6976243084585
3700,20181121,2018,POINT (12.490808761616478 55.6778971620243),12.490808761616478,55.6778971620243
500,20150527,2015,POINT (12.485614112913 55.71242208150962),12.485614112913,55.71242208150962
4500,20190924,2019,POINT (12.579929220187108 55.677591953657725),12.579929220187108,55.677591953657725
4100,20170619,2017,POINT (12.57806138821691 55.683071108952376),12.57806138821691,55.683071108952376
500,20190509,2019,POINT (12.498664116225232 55.719972383404716),12.498664116225232,55.719972383404716
8000,20150520,2015,POINT (12.516132959960554 55.690672587147795),12.516132959960554,55.690672587147795
21300,20190926,2019,POINT (12.600477890261361 55.66440327520259),12.600477890261361,55.66440327520259
4000,20190522,2019,POINT (12.61301675021509 55.66603593555259),12.61301675021509,55.66603593555259
2800,20170912,2017,POINT (12.614329574771148 55.6601510015242),12.614329574771148,55.6601510015242
2600,20190613,2019,POINT (12.567921797068285 55.65296383782265),12.567921797068285,55.65296383782265
5400,20190521,2019,POINT (12.578507155288404 55.667066295169484),12.578507155288404,55.667066295169484
3700,20140924,2014,POINT (12.586928308377042 55.6899993514021),12.586928308377042,55.6899993514021
10000,20180905,2018,POINT (12.565897767895898 55.68275268901302),12.565897767895898,55.68275268901302
4300,20180614,2018,POINT (12.516643587847545 55.6666361219472),12.516643587847545,55.6666361219472
2800,20190523,2019,POINT (12.572732995528165 55.7120728462735),12.572732995528165,55.7120728462735
600,20150924,2015,POINT (12.559098150406271 55.66983071116892),12.559098150406271,55.66983071116892
6800,20190904,2019,POINT (12.558283833286113 55.67068892477301),12.558283833286113,55.67068892477301
15300,20190904,2019,POINT (12.556505806528877 55.672481296814745),12.556505806528877,55.672481296814745
10100,20190606,2019,POINT (12.594651767996583 55.66512445603811),12.594651767996583,55.66512445603811
2600,20161110,2016,POINT (12.529225016647231 55.65046366682448),12.529225016647231,55.65046366682448
4800,20181009,2018,POINT (12.557563338737207 55.704114201973304),12.557563338737207,55.704114201973304
2100,20170925,2017,POINT (12.538283418658711 55.69622275288852),12.538283418658711,55.69622275288852
4800,20190910,2019,POINT (12.578305323754966 55.70921381411581),12.578305323754966,55.70921381411581
3900,20190514,2019,POINT (12.563712744713685 55.72794950194999),12.563712744713685,55.72794950194999
10600,20140925,2014,POINT (12.545890008745992 55.67128747421293),12.545890008745992,55.67128747421293
16000,20160929,2016,POINT (12.55964260408082 55.6969614380305),12.55964260408082,55.6969614380305
6200,20161027,2016,POINT (12.543522073271511 55.66327226197737),12.543522073271511,55.66327226197737
8200,20190910,2019,POINT (12.559346983267597 55.70361890401456),12.559346983267597,55.70361890401456
1300,20190522,2019,POINT (12.62442078237487 55.661838966388004),12.62442078237487,55.661838966388004
2100,20190528,2019,POINT (12.62697287181302 55.66157832760491),12.62697287181302,55.66157832760491
7000,20140924,2014,POINT (12.590719041767308 55.68931623131201),12.590719041767308,55.68931623131201
6100,20140924,2014,POINT (12.589518813014738 55.68894827520717),12.589518813014738,55.68894827520717
5700,20180612,2018,POINT (12.484583027650348 55.70805537395939),12.484583027650348,55.70805537395939
900,20180612,2018,POINT (12.4855329354391 55.70976521824148),12.4855329354391,55.70976521824148
8000,20150506,2015,POINT (12.579461293208487 55.700627027332295),12.579461293208487,55.700627027332295
8300,20160428,2016,POINT (12.571186662137483 55.683190901632436),12.571186662137483,55.683190901632436
11600,20180925,2018,POINT (12.538025079903358 55.696914450998705),12.538025079903358,55.696914450998705
12300,20140429,2014,POINT (12.535273886518384 55.696132787914344),12.535273886518384,55.696132787914344
3300,20130507,2013,POINT (12.49315820661436 55.693685089621965),12.49315820661436,55.693685089621965
4700,20170911,2017,POINT (12.495342056869038 55.693597343977444),12.495342056869038,55.693597343977444
1000,20110412,2011,POINT (12.497769478098519 55.659292513742606),12.497769478098519,55.659292513742606
4300,20190528,2019,POINT (12.60574321508488 55.657260432173246),12.60574321508488,55.657260432173246
6800,20140410,2014,POINT (12.587342446081324 55.66691383197868),12.587342446081324,55.66691383197868
4200,20190523,2019,POINT (12.583583838377281 55.66414469082948),12.583583838377281,55.66414469082948
5300,20190521,2019,POINT (12.582039522933968 55.665104719928856),12.582039522933968,55.665104719928856
8200,20190523,2019,POINT (12.584629569645477 55.664140117209676),12.584629569645477,55.664140117209676
4400,20180508,2018,POINT (12.59154125291609 55.70944779770958),12.59154125291609,55.70944779770958
700,20101004,2010,POINT (12.584174930487338 55.680791300115125),12.584174930487338,55.680791300115125
3400,20100908,2010,POINT (12.583417931787887 55.681610575266234),12.583417931787887,55.681610575266234
1700,20100906,2010,POINT (12.582490054772785 55.6818968174756),12.582490054772785,55.6818968174756
500,20150527,2015,POINT (12.489303890281542 55.717715638904224),12.489303890281542,55.717715638904224
600,20150527,2015,POINT (12.491508894598597 55.716956284997956),12.491508894598597,55.716956284997956
400,20150527,2015,POINT (12.486844629896103 55.71713050273887),12.486844629896103,55.71713050273887
5800,20180529,2018,POINT (12.489715971581262 55.68808814081064),12.489715971581262,55.68808814081064
6200,20180529,2018,POINT (12.490911684481938 55.686688138546536),12.490911684481938,55.686688138546536
3000,20180529,2018,POINT (12.490660151008592 55.687971934623846),12.490660151008592,55.687971934623846
4700,20190522,2019,POINT (12.611795896756906 55.666175788426564),12.611795896756906,55.666175788426564
4700,20190522,2019,POINT (12.605639564614512 55.66818018095424),12.605639564614512,55.66818018095424
11800,20161004,2016,POINT (12.544475537853215 55.705170564384275),12.544475537853215,55.705170564384275
2700,20150507,2015,POINT (12.521283407989138 55.70526154727942),12.521283407989138,55.70526154727942
2400,20190612,2019,POINT (12.605265296582411 55.64646137262146),12.605265296582411,55.64646137262146
1600,20140520,2014,POINT (12.605856331506724 55.64590958652489),12.605856331506724,55.64590958652489
2800,20130528,2013,POINT (12.531235914255294 55.71532553515471),12.531235914255294,55.71532553515471
2700,20150415,2015,POINT (12.543201026655272 55.71936572425794),12.543201026655272,55.71936572425794
3400,20161005,2016,POINT (12.532071522796448 55.715896222547386),12.532071522796448,55.715896222547386
2800,20150520,2015,POINT (12.514893196195628 55.70788398818873),12.514893196195628,55.70788398818873
1600,20110414,2011,POINT (12.523650717107431 55.65285505502165),12.523650717107431,55.65285505502165
5400,20140917,2014,POINT (12.54497700200651 55.667422795221945),12.54497700200651,55.667422795221945
900,20160927,2016,POINT (12.540496972589725 55.651970939825276),12.540496972589725,55.651970939825276
5100,20171005,2017,POINT (12.539487487885175 55.666979939762044),12.539487487885175,55.666979939762044
1900,20160519,2016,POINT (12.568826028418368 55.71450737748295),12.568826028418368,55.71450737748295
2100,20160420,2016,POINT (12.555746125025516 55.718618467996556),12.555746125025516,55.718618467996556
3000,20170831,2017,POINT (12.578373442492405 55.72126570698398),12.578373442492405,55.72126570698398
7600,20191001,2019,POINT (12.595226988684232 55.667020452809425),12.595226988684232,55.667020452809425
800,20170608,2017,POINT (12.628440873222859 55.64618996210789),12.628440873222859,55.64618996210789
1100,20170508,2017,POINT (12.616845667447091 55.675888554488694),12.616845667447091,55.675888554488694
800,20170503,2017,POINT (12.635192471165215 55.64530091874359),12.635192471165215,55.64530091874359
1800,20120913,2012,POINT (12.538803866634439 55.70024300877577),12.538803866634439,55.70024300877577
900,20180523,2018,POINT (12.473736461580161 55.71213509764788),12.473736461580161,55.71213509764788
2900,20180912,2018,POINT (12.571458370335046 55.668829873235374),12.571458370335046,55.668829873235374
4200,20190523,2019,POINT (12.56777880564525 55.65887915773498),12.56777880564525,55.65887915773498
900,20190612,2019,POINT (12.61500485622894 55.643691853166416),12.61500485622894,55.643691853166416
2500,20170613,2017,POINT (12.592040660012517 55.681512817231706),12.592040660012517,55.681512817231706
4300,20180514,2018,POINT (12.511519369127251 55.66555311104345),12.511519369127251,55.66555311104345
3300,20160927,2016,POINT (12.538421609465432 55.65241624728098),12.538421609465432,55.65241624728098
1700,20150527,2015,POINT (12.531323367163948 55.704774374422136),12.531323367163948,55.704774374422136
4300,20180524,2018,POINT (12.561919517394564 55.71013117520842),12.561919517394564,55.71013117520842
2200,20180523,2018,POINT (12.468043099475016 55.71263450395382),12.468043099475016,55.71263450395382
1800,20090917,2009,POINT (12.587616104484276 55.63027879945794),12.587616104484276,55.63027879945794
5500,20110505,2011,POINT (12.518026268927363 55.67151949576916),12.518026268927363,55.67151949576916
6300,20140423,2014,POINT (12.545730636616293 55.705145123139445),12.545730636616293,55.705145123139445
6400,20190911,2019,POINT (12.593705328086891 55.69622391614255),12.593705328086891,55.69622391614255
6700,20150507,2015,POINT (12.518858573054032 55.706377954644395),12.518858573054032,55.706377954644395
25500,20150922,2015,POINT (12.561195760549646 55.68074421479271),12.561195760549646,55.68074421479271
9000,20161004,2016,POINT (12.545798128449192 55.70442335342108),12.545798128449192,55.70442335342108
5700,20180912,2018,POINT (12.567483813255741 55.672022904184544),12.567483813255741,55.672022904184544
4800,20090929,2009,POINT (12.580095539134035 55.68828869168699),12.580095539134035,55.68828869168699
1700,20160503,2016,POINT (12.57541099599852 55.63954840733062),12.57541099599852,55.63954840733062
5400,20190521,2019,POINT (12.58172954609748 55.66805700479699),12.58172954609748,55.66805700479699
100,20100511,2010,POINT (12.581137487244343 55.63441928678999),12.581137487244343,55.63441928678999
2300,20140522,2014,POINT (12.62087294905934 55.65453520056959),12.62087294905934,55.65453520056959
2300,20170601,2017,POINT (12.550366602848257 55.647595570233214),12.550366602848257,55.647595570233214
4100,20130904,2013,POINT (12.554639208947052 55.67299911052489),12.554639208947052,55.67299911052489
3600,20190917,2019,POINT (12.582258079587767 55.670654077217044),12.582258079587767,55.670654077217044
6500,20130502,2013,POINT (12.54997708307213 55.67331991668567),12.54997708307213,55.67331991668567
2700,20151006,2015,POINT (12.556081628245204 55.69091284785694),12.556081628245204,55.69091284785694
2700,20121008,2012,POINT (12.555510462761374 55.69112195571859),12.555510462761374,55.69112195571859
2600,20140423,2014,POINT (12.544532301973394 55.697722351301124),12.544532301973394,55.697722351301124
400,20090618,2009,POINT (12.543789118019289 55.6982942283723),12.543789118019289,55.6982942283723
1200,20100422,2010,POINT (12.542795728820279 55.698814658788066),12.542795728820279,55.698814658788066
8700,20151006,2015,POINT (12.558292418221779 55.68976303529482),12.558292418221779,55.68976303529482
4800,20090616,2009,POINT (12.563115019738303 55.687725911306714),12.563115019738303,55.687725911306714
1700,20121011,2012,POINT (12.559521247464929 55.68704277071546),12.559521247464929,55.68704277071546
6600,20151006,2015,POINT (12.556968935477164 55.688918111425224),12.556968935477164,55.688918111425224
6500,20150930,2015,POINT (12.559133710038084 55.69116489103006),12.559133710038084,55.69116489103006
4400,20150930,2015,POINT (12.558650695782458 55.69259006402819),12.558650695782458,55.69259006402819
1000,20100420,2010,POINT (12.55023213583513 55.69470342576231),12.55023213583513,55.69470342576231
2500,20100421,2010,POINT (12.543006097545227 55.69466140746145),12.543006097545227,55.69466140746145
400,20100420,2010,POINT (12.540184719694908 55.69751994349771),12.540184719694908,55.69751994349771
5500,20120918,2012,POINT (12.543439094794008 55.6975660015667),12.543439094794008,55.6975660015667
5500,20090609,2009,POINT (12.543176705444226 55.70066591405134),12.543176705444226,55.70066591405134
700,20090611,2009,POINT (12.546325486638654 55.70091247988645),12.546325486638654,55.70091247988645
6500,20140423,2014,POINT (12.55221192858649 55.697888963995155),12.55221192858649,55.697888963995155
6500,20140423,2014,POINT (12.551928783743692 55.697898379062565),12.551928783743692,55.697898379062565
900,20090617,2009,POINT (12.558288208738542 55.69007236180831),12.558288208738542,55.69007236180831
100,20090617,2009,POINT (12.559191284336015 55.69035693753038),12.559191284336015,55.69035693753038
2500,20090610,2009,POINT (12.549414939279679 55.699115783767304),12.549414939279679,55.699115783767304
400,20140617,2014,POINT (12.547144644591436 55.70088306104355),12.547144644591436,55.70088306104355
5400,20120919,2012,POINT (12.520159815694322 55.70138864515418),12.520159815694322,55.70138864515418
7800,20120919,2012,POINT (12.525986826540741 55.70476982425059),12.525986826540741,55.70476982425059
17800,20120918,2012,POINT (12.549345532644908 55.694779246557516),12.549345532644908,55.694779246557516
2400,20120904,2012,POINT (12.538491847628553 55.697416442245355),12.538491847628553,55.697416442245355
7900,20120919,2012,POINT (12.538023999075204 55.70456261200077),12.538023999075204,55.70456261200077
6800,20120913,2012,POINT (12.540029339371193 55.70106223397576),12.540029339371193,55.70106223397576
2100,20120919,2012,POINT (12.527398790046073 55.701779288685515),12.527398790046073,55.701779288685515
3700,20120919,2012,POINT (12.524016059399697 55.708133425256634),12.524016059399697,55.708133425256634
2600,20130430,2013,POINT (12.618021896909271 55.660821119620984),12.618021896909271,55.660821119620984
9200,20160906,2016,POINT (12.557317927954125 55.67071669155797),12.557317927954125,55.67071669155797
9300,20160906,2016,POINT (12.557806885756822 55.67024782653499),12.557806885756822,55.67024782653499
5000,20131030,2013,POINT (12.57095881136412 55.67795961863189),12.57095881136412,55.67795961863189
6300,20131030,2013,POINT (12.572805026037736 55.67864041029355),12.572805026037736,55.67864041029355
11200,20131030,2013,POINT (12.572151700127108 55.678724399098286),12.572151700127108,55.678724399098286
1000,20131030,2013,POINT (12.56974592238108 55.67976065411429),12.56974592238108,55.67976065411429
100,20130530,2013,POINT (12.587661852185922 55.67439458920274),12.587661852185922,55.67439458920274
900,20140923,2014,POINT (12.585210785261298 55.6979919983844),12.585210785261298,55.6979919983844
1800,20141001,2014,POINT (12.575829410783278 55.68036691086824),12.575829410783278,55.68036691086824
1000,20130610,2013,POINT (12.586044166667987 55.693830846693515),12.586044166667987,55.693830846693515
6100,20121002,2012,POINT (12.572774314432822 55.663837772464426),12.572774314432822,55.663837772464426
7800,20120815,2012,POINT (12.566078223786963 55.684903338680776),12.566078223786963,55.684903338680776
1800,20120524,2012,POINT (12.533752890667518 55.64928536301202),12.533752890667518,55.64928536301202
1200,20120524,2012,POINT (12.522667713530236 55.649620365828596),12.522667713530236,55.649620365828596
200,20120109,2012,POINT (12.503340180003141 55.667270334459104),12.503340180003141,55.667270334459104
200,20120109,2012,POINT (12.503752237886923 55.667269280376786),12.503752237886923,55.667269280376786
100,20120109,2012,POINT (12.50200706647201 55.66760229280592),12.50200706647201,55.66760229280592
700,20120620,2012,POINT (12.498332092647008 55.660713655440794),12.498332092647008,55.660713655440794
100,20120620,2012,POINT (12.500167478573639 55.661242795498666),12.500167478573639,55.661242795498666
400,20120620,2012,POINT (12.50056448894979 55.66182821119329),12.50056448894979,55.66182821119329
3600,20140521,2014,POINT (12.484568131267226 55.68269904175586),12.484568131267226,55.68269904175586
600,20120530,2012,POINT (12.485114263176717 55.68126967762875),12.485114263176717,55.68126967762875
200,20120530,2012,POINT (12.497858856214046 55.68924899229017),12.497858856214046,55.68924899229017
1300,20120530,2012,POINT (12.499499776241597 55.6898150689054),12.499499776241597,55.6898150689054
100,20120530,2012,POINT (12.500695533571804 55.69030567637416),12.500695533571804,55.69030567637416
100,20120530,2012,POINT (12.502049235105384 55.690816949910605),12.502049235105384,55.690816949910605
100,20120530,2012,POINT (12.503339255668104 55.69136361097493),12.503339255668104,55.69136361097493
100,20120530,2012,POINT (12.504633724834846 55.6918765489081),12.504633724834846,55.6918765489081
2100,20171005,2017,POINT (12.54536159590349 55.665716639223675),12.54536159590349,55.665716639223675
4200,20141009,2014,POINT (12.555480799845194 55.672789742293425),12.555480799845194,55.672789742293425
4300,20180913,2018,POINT (12.565285927581062 55.68577222566224),12.565285927581062,55.68577222566224
2700,20121001,2012,POINT (12.585556119632912 55.645783006066615),12.585556119632912,55.645783006066615
500,20111010,2011,POINT (12.556191146906142 55.697186644663866),12.556191146906142,55.697186644663866
600,20110112,2011,POINT (12.581020593388711 55.69963534468381),12.581020593388711,55.69963534468381
5300,20170905,2017,POINT (12.582833204107986 55.70919162374548),12.582833204107986,55.70919162374548
3100,20180503,2018,POINT (12.57503118345728 55.72672150608358),12.57503118345728,55.72672150608358
1700,20101117,2010,POINT (12.516238823575375 55.69138984194462),12.516238823575375,55.69138984194462
8700,20130910,2013,POINT (12.581701777785142 55.682404156326946),12.581701777785142,55.682404156326946
13300,20190910,2019,POINT (12.553231789688152 55.69825734515751),12.553231789688152,55.69825734515751
26000,20190926,2019,POINT (12.570965051983404 55.67421924045831),12.570965051983404,55.67421924045831
4600,20180515,2018,POINT (12.564870642192172 55.64191001304144),12.564870642192172,55.64191001304144
3900,20110505,2011,POINT (12.543022383544537 55.67988444323707),12.543022383544537,55.67988444323707
10000,20110505,2011,POINT (12.54780492755579 55.67925854165044),12.54780492755579,55.67925854165044
5200,20110505,2011,POINT (12.531984797933 55.6707659504385),12.531984797933,55.6707659504385
5400,20110505,2011,POINT (12.530974007175914 55.670324645536994),12.530974007175914,55.670324645536994
12200,20140513,2014,POINT (12.534451541696267 55.678043576241556),12.534451541696267,55.678043576241556
12600,20120502,2012,POINT (12.528775692883878 55.68750437318448),12.528775692883878,55.68750437318448
9400,20120502,2012,POINT (12.519596922054008 55.68114030306553),12.519596922054008,55.68114030306553
9300,20120502,2012,POINT (12.51891444091746 55.679170782554536),12.51891444091746,55.679170782554536
4800,20120502,2012,POINT (12.533419291703371 55.674679588700805),12.533419291703371,55.674679588700805
3900,20130522,2013,POINT (12.496853000076753 55.68257909029756),12.496853000076753,55.68257909029756
2800,20140513,2014,POINT (12.503275035597236 55.68699311527187),12.503275035597236,55.68699311527187
2200,20140513,2014,POINT (12.5066571052462 55.67343969582955),12.5066571052462,55.67343969582955
7700,20130522,2013,POINT (12.523198418187295 55.68246392741355),12.523198418187295,55.68246392741355
9900,20130522,2013,POINT (12.54048455865661 55.686980080852145),12.54048455865661,55.686980080852145
7100,20140513,2014,POINT (12.533406009102647 55.68231716677646),12.533406009102647,55.68231716677646
700,20161011,2016,POINT (12.592684067945376 55.67946245514389),12.592684067945376,55.67946245514389
7100,20140429,2014,POINT (12.537014103757002 55.69227667666275),12.537014103757002,55.69227667666275
900,20140423,2014,POINT (12.544149133836589 55.69978455154474),12.544149133836589,55.69978455154474
11800,20140429,2014,POINT (12.531054185830063 55.702777372497984),12.531054185830063,55.702777372497984
2400,20140429,2014,POINT (12.53862144479206 55.69221972668674),12.53862144479206,55.69221972668674
6600,20140423,2014,POINT (12.541777722497745 55.70083818984552),12.541777722497745,55.70083818984552
700,20140617,2014,POINT (12.542271457424073 55.705994853403666),12.542271457424073,55.705994853403666
1100,20140617,2014,POINT (12.545435622613446 55.70119224418391),12.545435622613446,55.70119224418391
1500,20140424,2014,POINT (12.532621257644527 55.705461108799724),12.532621257644527,55.705461108799724
3400,20140423,2014,POINT (12.551511257515706 55.700228031302835),12.551511257515706,55.700228031302835
900,20140423,2014,POINT (12.547476650364091 55.695898814800174),12.547476650364091,55.695898814800174
2300,20140617,2014,POINT (12.53986095714215 55.70147488148527),12.53986095714215,55.70147488148527
1300,20140617,2014,POINT (12.548503830739081 55.70072822829801),12.548503830739081,55.70072822829801
6200,20140917,2014,POINT (12.55296791241713 55.66672413138855),12.55296791241713,55.66672413138855
6400,20160908,2016,POINT (12.59260674503833 55.6757333246958),12.59260674503833,55.6757333246958
800,20140514,2014,POINT (12.486055942211598 55.65895063231492),12.486055942211598,55.65895063231492
1400,20170523,2017,POINT (12.584942548542672 55.66366473680773),12.584942548542672,55.66366473680773
1100,20140522,2014,POINT (12.629718021981414 55.655914489377075),12.629718021981414,55.655914489377075
3300,20140903,2014,POINT (12.546018105191314 55.69718021672683),12.546018105191314,55.69718021672683
500,20140903,2014,POINT (12.541289612473134 55.69997188418349),12.541289612473134,55.69997188418349
1800,20140903,2014,POINT (12.539461804889312 55.70081283902991),12.539461804889312,55.70081283902991
1800,20140917,2014,POINT (12.499682351590211 55.699020063551984),12.499682351590211,55.699020063551984
1600,20140917,2014,POINT (12.497763737970136 55.702366821664455),12.497763737970136,55.702366821664455
5600,20140917,2014,POINT (12.549311876637697 55.665394693911715),12.549311876637697,55.665394693911715
6600,20150924,2015,POINT (12.552226191055396 55.668849544844576),12.552226191055396,55.668849544844576
10200,20140914,2014,POINT (12.556822020207509 55.668580826428865),12.556822020207509,55.668580826428865
1200,20170830,2017,POINT (12.556131341047413 55.67674693209957),12.556131341047413,55.67674693209957
3200,20170830,2017,POINT (12.556921404322322 55.67979950573487),12.556921404322322,55.67979950573487
100,20170830,2017,POINT (12.575808788019184 55.694072077667286),12.575808788019184,55.694072077667286
100,20170829,2017,POINT (12.562595023257952 55.68359678163798),12.562595023257952,55.68359678163798
4000,20190514,2019,POINT (12.587753952812452 55.708430608971284),12.587753952812452,55.708430608971284
9700,20190917,2019,POINT (12.57633816398093 55.67277244193488),12.57633816398093,55.67277244193488
600,20140903,2014,POINT (12.587991969930691 55.7102153968216),12.587991969930691,55.7102153968216
4000,20140521,2014,POINT (12.491933835268405 55.68282965815694),12.491933835268405,55.68282965815694
4900,20140617,2014,POINT (12.576116603519514 55.67508873639254),12.576116603519514,55.67508873639254
1300,20140910,2014,POINT (12.5974141732321 55.66143952962625),12.5974141732321,55.66143952962625
100,20140625,2014,POINT (12.603670043021932 55.6578379968133),12.603670043021932,55.6578379968133
17500,20190919,2019,POINT (12.564154405056602 55.662491400189865),12.564154405056602,55.662491400189865
5600,20141008,2014,POINT (12.579412836149814 55.68209995942369),12.579412836149814,55.68209995942369
8900,20160913,2016,POINT (12.557845329880202 55.66590158673637),12.557845329880202,55.66590158673637
400,20141002,2014,POINT (12.541857144633113 55.706889849870095),12.541857144633113,55.706889849870095
4200,20141001,2014,POINT (12.57747530155312 55.65981196701674),12.57747530155312,55.65981196701674
400,20141002,2014,POINT (12.564277729571675 55.72273003241089),12.564277729571675,55.72273003241089
400,20141002,2014,POINT (12.563736311180309 55.72152224393529),12.563736311180309,55.72152224393529
1400,20180503,2018,POINT (12.558799351727464 55.71528439611372),12.558799351727464,55.71528439611372
1200,20180503,2018,POINT (12.561089627758301 55.7168722229019),12.561089627758301,55.7168722229019
3600,20180918,2018,POINT (12.563968560425721 55.66224647196366),12.563968560425721,55.66224647196366
900,20110517,2011,POINT (12.578639521344833 55.716657185134764),12.578639521344833,55.716657185134764
4000,20090901,2009,POINT (12.579237850104759 55.67193996260579),12.579237850104759,55.67193996260579
7400,20150916,2015,POINT (12.575937031588637 55.67360355234275),12.575937031588637,55.67360355234275
200,20110623,2011,POINT (12.58129590109446 55.672750908847576),12.58129590109446,55.672750908847576
800,20160818,2016,POINT (12.594302061895329 55.67934678389388),12.594302061895329,55.67934678389388
300,20160623,2016,POINT (12.588287161916195 55.68064152825071),12.588287161916195,55.68064152825071
400,20180621,2018,POINT (12.583887109923625 55.68010284718476),12.583887109923625,55.68010284718476
800,20180621,2018,POINT (12.575428907590407 55.6786142619058),12.575428907590407,55.6786142619058
3500,20180927,2018,POINT (12.57591738139272 55.67733978662079),12.57591738139272,55.67733978662079
500,20100309,2010,POINT (12.490552744965344 55.68763557808),12.490552744965344,55.68763557808
11100,20161011,2016,POINT (12.592555773451084 55.67907820152803),12.592555773451084,55.67907820152803
1300,20100608,2010,POINT (12.595029576465361 55.68349360962029),12.595029576465361,55.68349360962029
1300,20170614,2017,POINT (12.575173305933067 55.66921164798122),12.575173305933067,55.66921164798122
1000,20100615,2010,POINT (12.594420325709875 55.69728052394747),12.594420325709875,55.69728052394747
5900,20180920,2018,POINT (12.573844334098313 55.69557621212727),12.573844334098313,55.69557621212727
11300,20180929,2018,POINT (12.565928042026957 55.68982303213323),12.565928042026957,55.68982303213323
1600,20100603,2010,POINT (12.59122050390886 55.66147086599969),12.59122050390886,55.66147086599969
600,20100527,2010,POINT (12.476292404725644 55.7131893147738),12.476292404725644,55.7131893147738
1100,20110830,2011,POINT (12.592208208415958 55.67315456840399),12.592208208415958,55.67315456840399
1800,20160614,2016,POINT (12.54376099559102 55.6660790138378),12.54376099559102,55.6660790138378
4000,20190612,2019,POINT (12.47316153935187 55.6811772866666),12.47316153935187,55.6811772866666
1300,20170601,2017,POINT (12.551377798710652 55.64311459388044),12.551377798710652,55.64311459388044
600,20160614,2016,POINT (12.545969568521773 55.66906975641849),12.545969568521773,55.66906975641849
700,20160614,2016,POINT (12.545659311339142 55.66889322034556),12.545659311339142,55.66889322034556
400,20110621,2011,POINT (12.552801804949441 55.64633197066396),12.552801804949441,55.64633197066396
200,20110830,2011,POINT (12.573818600825179 55.66539118924843),12.573818600825179,55.66539118924843
700,20110728,2011,POINT (12.600154088798984 55.6955294866582),12.600154088798984,55.6955294866582
2300,20160614,2016,POINT (12.545751561729846 55.669602800279165),12.545751561729846,55.669602800279165
200,20160614,2016,POINT (12.546127915568377 55.665440929511796),12.546127915568377,55.665440929511796
900,20110621,2011,POINT (12.564120902530737 55.65428503443878),12.564120902530737,55.65428503443878
1100,20170614,2017,POINT (12.562873820269791 55.6533421219334),12.562873820269791,55.6533421219334
100,20170601,2017,POINT (12.596600401792113 55.6773491116173),12.596600401792113,55.6773491116173
100,20110609,2011,POINT (12.599578967334349 55.681717195055604),12.599578967334349,55.681717195055604
13400,20180920,2018,POINT (12.561513804908733 55.686300412668096),12.561513804908733,55.686300412668096
100,20110830,2011,POINT (12.609951078132402 55.69563585791694),12.609951078132402,55.69563585791694
1000,20100615,2010,POINT (12.549189088594623 55.64652007252831),12.549189088594623,55.64652007252831
11200,20190917,2019,POINT (12.580791923984625 55.670427639358365),12.580791923984625,55.670427639358365
5800,20140910,2014,POINT (12.545936189920853 55.6562272246999),12.545936189920853,55.6562272246999
1100,20160913,2016,POINT (12.54551165229612 55.66925915596502),12.54551165229612,55.66925915596502
200,20110830,2011,POINT (12.52568441005027 55.637345855541994),12.52568441005027,55.637345855541994
9200,20160913,2016,POINT (12.558022853052442 55.66535866549482),12.558022853052442,55.66535866549482
3600,20140521,2014,POINT (12.483105192435882 55.68266687241436),12.483105192435882,55.68266687241436
1700,20100615,2010,POINT (12.59209526049701 55.69519309394248),12.59209526049701,55.69519309394248
6800,20190919,2019,POINT (12.544200668469932 55.70427847067259),12.544200668469932,55.70427847067259
500,20090416,2009,POINT (12.61492196819693 55.65608040778611),12.61492196819693,55.65608040778611
700,20090416,2009,POINT (12.612583214607529 55.658012326991994),12.612583214607529,55.658012326991994
2700,20090416,2009,POINT (12.61103487590134 55.659870147908535),12.61103487590134,55.659870147908535
1300,20090416,2009,POINT (12.608298407655306 55.66194680204511),12.608298407655306,55.66194680204511
9800,20190919,2019,POINT (12.54152923938923 55.69880859326526),12.54152923938923,55.69880859326526
900,20090526,2009,POINT (12.528580816671527 55.651999639220186),12.528580816671527,55.651999639220186
2100,20150909,2015,POINT (12.55815534649189 55.666366702877966),12.55815534649189,55.666366702877966
2100,20150909,2015,POINT (12.557519148453176 55.668456677881615),12.557519148453176,55.668456677881615
900,20150909,2015,POINT (12.558566000720125 55.669017887850124),12.558566000720125,55.669017887850124
300,20150909,2015,POINT (12.562933805520592 55.667978498205116),12.562933805520592,55.667978498205116
3200,20141008,2014,POINT (12.586381108462522 55.6838304469952),12.586381108462522,55.6838304469952
1000,20091021,2009,POINT (12.561379519248247 55.713594242932274),12.561379519248247,55.713594242932274
4000,20090421,2009,POINT (12.61221826734709 55.66179348885956),12.61221826734709,55.66179348885956
1100,20090526,2009,POINT (12.513213495829481 55.655459926763676),12.513213495829481,55.655459926763676
600,20090520,2009,POINT (12.580256200076358 55.69726765209504),12.580256200076358,55.69726765209504
700,20090520,2009,POINT (12.588418683414108 55.69866235924387),12.588418683414108,55.69866235924387
1900,20090901,2009,POINT (12.579440588872169 55.69825697556637),12.579440588872169,55.69825697556637
400,20090901,2009,POINT (12.578246430166619 55.70159271915641),12.578246430166619,55.70159271915641
400,20090901,2009,POINT (12.578326183502188 55.702093149917765),12.578326183502188,55.702093149917765
400,20090901,2009,POINT (12.578349497704043 55.70258247365169),12.578349497704043,55.70258247365169
900,20090820,2009,POINT (12.585323693899234 55.66597918997105),12.585323693899234,55.66597918997105
900,20090901,2009,POINT (12.581043677061933 55.70229072396002),12.581043677061933,55.70229072396002
900,20090901,2009,POINT (12.580914510483518 55.69894296547806),12.580914510483518,55.69894296547806
200,20101104,2010,POINT (12.53984820081136 55.66508446981981),12.53984820081136,55.66508446981981
200,20101213,2010,POINT (12.573443534683596 55.634644373895824),12.573443534683596,55.634644373895824
3200,20101006,2010,POINT (12.59211311391587 55.703440172748685),12.59211311391587,55.703440172748685
3400,20111006,2011,POINT (12.562917981308976 55.67337626950716),12.562917981308976,55.67337626950716
4400,20101006,2010,POINT (12.588014136616888 55.70305345819816),12.588014136616888,55.70305345819816
700,20101216,2010,POINT (12.606213330672427 55.68305474482197),12.606213330672427,55.68305474482197
1000,20100908,2010,POINT (12.547212456634929 55.66785648079408),12.547212456634929,55.66785648079408
1600,20101117,2010,POINT (12.521536575899729 55.69588910199282),12.521536575899729,55.69588910199282
5200,20101123,2010,POINT (12.540518322496613 55.69721103938275),12.540518322496613,55.69721103938275
1300,20101109,2010,POINT (12.606942063920847 55.64234905293757),12.606942063920847,55.64234905293757
8400,20100929,2010,POINT (12.587548666987502 55.66370801968671),12.587548666987502,55.66370801968671
3000,20171005,2017,POINT (12.54195552035054 55.666170358078304),12.54195552035054,55.666170358078304
6200,20100915,2010,POINT (12.561072497763373 55.692827590246),12.561072497763373,55.692827590246
11100,20110921,2011,POINT (12.596794857228318 55.6739060582048),12.596794857228318,55.6739060582048
600,20101116,2010,POINT (12.520475111277142 55.711147989712586),12.520475111277142,55.711147989712586
4900,20101202,2010,POINT (12.577436018177243 55.6927348085392),12.577436018177243,55.6927348085392
1000,20180621,2018,POINT (12.579533297317404 55.679283342920954),12.579533297317404,55.679283342920954
1700,20150415,2015,POINT (12.543572229909158 55.72240572436868),12.543572229909158,55.72240572436868
2000,20110804,2011,POINT (12.583662808767516 55.72009422647465),12.583662808767516,55.72009422647465
3700,20160927,2016,POINT (12.544448348283655 55.65307745948508),12.544448348283655,55.65307745948508
6800,20150521,2015,POINT (12.561658032626845 55.66297847204795),12.561658032626845,55.66297847204795
6500,20150521,2015,POINT (12.562126985739724 55.662949800653536),12.562126985739724,55.662949800653536
5300,20150506,2015,POINT (12.58262284170524 55.70220371940848),12.58262284170524,55.70220371940848
2800,20150512,2015,POINT (12.58673421892961 55.70331034128356),12.58673421892961,55.70331034128356
1500,20150506,2015,POINT (12.589568308496574 55.7035946344645),12.589568308496574,55.7035946344645
7900,20150609,2015,POINT (12.580745763382257 55.675445007919684),12.580745763382257,55.675445007919684
9800,20150929,2015,POINT (12.543399943917345 55.67101689157715),12.543399943917345,55.67101689157715
700,20150408,2015,POINT (12.588966769659834 55.70617893697679),12.588966769659834,55.70617893697679
300,20151008,2015,POINT (12.587417126346718 55.7096689207106),12.587417126346718,55.7096689207106
200,20151008,2015,POINT (12.5877716389114 55.70907494350884),12.5877716389114,55.70907494350884
1700,20150408,2015,POINT (12.581039149800183 55.6915962510719),12.581039149800183,55.6915962510719
10600,20150528,2015,POINT (12.572635076333128 55.67405822685476),12.572635076333128,55.67405822685476
11000,20150528,2015,POINT (12.57154858705438 55.673098927708175),12.57154858705438,55.673098927708175
1800,20150908,2015,POINT (12.620690722006245 55.663334763748985),12.620690722006245,55.663334763748985
1200,20150908,2015,POINT (12.625833685766583 55.664226053201496),12.625833685766583,55.664226053201496
1100,20150924,2015,POINT (12.554390877820339 55.69240089987186),12.554390877820339,55.69240089987186
2300,20190917,2019,POINT (12.583665646695062 55.67239507294156),12.583665646695062,55.67239507294156
1400,20151006,2015,POINT (12.558518703978152 55.68741850218585),12.558518703978152,55.68741850218585
4800,20151006,2015,POINT (12.55565302003072 55.689563160918794),12.55565302003072,55.689563160918794
7200,20151006,2015,POINT (12.556283286966977 55.69260181362729),12.556283286966977,55.69260181362729
5900,20151006,2015,POINT (12.562109509366445 55.68693687235788),12.562109509366445,55.68693687235788
900,20151006,2015,POINT (12.553746288121213 55.6923515384513),12.553746288121213,55.6923515384513
400,20151006,2015,POINT (12.557935376577504 55.688665598971184),12.557935376577504,55.688665598971184
6100,20150301,2015,POINT (12.55536315376714 55.68742895704861),12.55536315376714,55.68742895704861
300,20151008,2015,POINT (12.588114301201784 55.70838789384589),12.588114301201784,55.70838789384589
200,20151008,2015,POINT (12.586906915631866 55.709317250756364),12.586906915631866,55.709317250756364
400,20151008,2015,POINT (12.585438643937099 55.709093785909346),12.585438643937099,55.709093785909346
100,20151008,2015,POINT (12.586764810179474 55.70769752657829),12.586764810179474,55.70769752657829
100,20151008,2015,POINT (12.58608290957106 55.70907130406456),12.58608290957106,55.70907130406456
200,20160414,2016,POINT (12.641814230457085 55.64615156858807),12.641814230457085,55.64615156858807
2800,20160525,2016,POINT (12.549958526669231 55.66881594724645),12.549958526669231,55.66881594724645
1300,20160525,2016,POINT (12.551136664233118 55.668866298019736),12.551136664233118,55.668866298019736
3100,20160525,2016,POINT (12.54913653692526 55.667694439376426),12.54913653692526,55.667694439376426
3600,20160525,2016,POINT (12.55003163927518 55.667974253427715),12.55003163927518,55.667974253427715
1500,20160525,2016,POINT (12.555885699793398 55.67037314969033),12.555885699793398,55.67037314969033
1200,20160525,2016,POINT (12.558487438619094 55.67117085652349),12.558487438619094,55.67117085652349
1200,20160525,2016,POINT (12.559557582692777 55.67138884244935),12.559557582692777,55.67138884244935
800,20160525,2016,POINT (12.562003109646458 55.6724047686994),12.562003109646458,55.6724047686994
2000,20160525,2016,POINT (12.54835226064184 55.67199222229681),12.54835226064184,55.67199222229681
7400,20190515,2019,POINT (12.556999970376923 55.7190154010696),12.556999970376923,55.7190154010696
2900,20180920,2018,POINT (12.530766089495033 55.66381517163843),12.530766089495033,55.66381517163843
14800,20190918,2019,POINT (12.59469602287859 55.678499033617356),12.59469602287859,55.678499033617356
14600,20180919,2018,POINT (12.599324106755141 55.67785142559874),12.599324106755141,55.67785142559874
3600,20160908,2016,POINT (12.599086934499402 55.67809938862929),12.599086934499402,55.67809938862929
7700,20160908,2016,POINT (12.600194847884708 55.678750847817625),12.600194847884708,55.678750847817625
7600,20160908,2016,POINT (12.600753516133715 55.679436789767834),12.600753516133715,55.679436789767834
13900,20160929,2016,POINT (12.554799395109653 55.69884781819278),12.554799395109653,55.69884781819278
10500,20161004,2016,POINT (12.548406707372926 55.70294460718135),12.548406707372926,55.70294460718135
9700,20161004,2016,POINT (12.547658555408942 55.70336338340459),12.547658555408942,55.70336338340459
11200,20161005,2016,POINT (12.540045341874835 55.707998921690134),12.540045341874835,55.707998921690134
7400,20161005,2016,POINT (12.539413860151376 55.70864450784134),12.539413860151376,55.70864450784134
1000,20160919,2016,POINT (12.479784725070866 55.68567647928312),12.479784725070866,55.68567647928312
500,20160919,2016,POINT (12.481570063393445 55.686014200193924),12.481570063393445,55.686014200193924
4000,20161005,2016,POINT (12.534613105805812 55.71397770733069),12.534613105805812,55.71397770733069
5000,20180529,2018,POINT (12.49264558961257 55.68485527143219),12.49264558961257,55.68485527143219
1900,20161011,2016,POINT (12.59279046933807 55.67884076486995),12.59279046933807,55.67884076486995
500,20161011,2016,POINT (12.593412023901614 55.679603024788435),12.593412023901614,55.679603024788435
5100,20160224,2016,POINT (12.539297299647409 55.7080315929284),12.539297299647409,55.7080315929284
200,20160614,2016,POINT (12.547561042166649 55.66946478084812),12.547561042166649,55.66946478084812
1400,20160303,2016,POINT (12.57052303548207 55.69441228557693),12.57052303548207,55.69441228557693
1400,20160901,2016,POINT (12.568376337685736 55.67945004020151),12.568376337685736,55.67945004020151
5400,20161012,2016,POINT (12.592952887986499 55.68157029870183),12.592952887986499,55.68157029870183
800,20160525,2016,POINT (12.594330445270371 55.67086119754299),12.594330445270371,55.67086119754299
2600,20190917,2019,POINT (12.582328391555762 55.66900538228939),12.582328391555762,55.66900538228939
5100,20160927,2016,POINT (12.546333119575465 55.656139884880716),12.546333119575465,55.656139884880716
1700,20170403,2017,POINT (12.56323791382335 55.67356176490458),12.56323791382335,55.67356176490458
600,20170420,2017,POINT (12.59178537488348 55.67187899285663),12.59178537488348,55.67187899285663
1000,20170419,2017,POINT (12.59164728131782 55.67274274800676),12.59164728131782,55.67274274800676
3000,20170509,2017,POINT (12.514649384697876 55.663407195893654),12.514649384697876,55.663407195893654
2800,20170509,2017,POINT (12.51262646031785 55.66337647082329),12.51262646031785,55.66337647082329
3600,20160908,2016,POINT (12.599104942805758 55.67803811062185),12.599104942805758,55.67803811062185
4100,20170912,2017,POINT (12.597804053283733 55.677786185244386),12.597804053283733,55.677786185244386
5400,20160908,2016,POINT (12.599900306170904 55.677787913981234),12.599900306170904,55.677787913981234
5400,20160908,2016,POINT (12.599902804990402 55.67773112865055),12.599902804990402,55.67773112865055
18000,20170417,2017,POINT (12.544804163799293 55.6882901934875),12.544804163799293,55.6882901934875
100,20170523,2017,POINT (12.539401600166626 55.72371406753272),12.539401600166626,55.72371406753272
500,20170425,2017,POINT (12.587316703924317 55.67851327411831),12.587316703924317,55.67851327411831
100,20170426,2017,POINT (12.590376838500354 55.67337473617212),12.590376838500354,55.67337473617212
1500,20171004,2017,POINT (12.576093211711981 55.676235458061015),12.576093211711981,55.676235458061015
900,20170831,2017,POINT (12.553151883680957 55.65596556889656),12.553151883680957,55.65596556889656
2100,20170613,2017,POINT (12.589371505749039 55.68223509899558),12.589371505749039,55.68223509899558
10300,20170926,2017,POINT (12.55799652775357 55.66906619678803),12.55799652775357,55.66906619678803
3700,20180130,2018,POINT (12.504911114033156 55.66666324681022),12.504911114033156,55.66666324681022
3200,20170831,2017,POINT (12.583309980721666 55.718149752956236),12.583309980721666,55.718149752956236
400,20180620,2018,POINT (12.576740619629758 55.67483011527252),12.576740619629758,55.67483011527252
4800,20180620,2018,POINT (12.577654867943671 55.67423921862356),12.577654867943671,55.67423921862356
4300,20180620,2018,POINT (12.578656908352427 55.674606792983155),12.578656908352427,55.674606792983155
500,20180530,2018,POINT (12.577299526406986 55.626351125871004),12.577299526406986,55.626351125871004
2000,20180530,2018,POINT (12.577824503982116 55.625583264242074),12.577824503982116,55.625583264242074
7600,20180503,2018,POINT (12.577270461827226 55.72137407739202),12.577270461827226,55.72137407739202
500,20180503,2018,POINT (12.569577361692945 55.68311969218495),12.569577361692945,55.68311969218495
2400,20190903,2019,POINT (12.555967114060316 55.65325569736527),12.555967114060316,55.65325569736527
10800,20190917,2019,POINT (12.579843934136616 55.67102821877826),12.579843934136616,55.67102821877826
1200,20090924,2009,POINT (12.57089443806079 55.69642566844307),12.57089443806079,55.69642566844307
100,20190828,2019,POINT (12.530960063914618 55.6458971323602),12.530960063914618,55.6458971323602
700,20190618,2019,POINT (12.503275444518247 55.64937903079855),12.503275444518247,55.64937903079855
400,20190828,2019,POINT (12.529619140351253 55.64710829706531),12.529619140351253,55.64710829706531
400,20190618,2019,POINT (12.487710078615091 55.6523309305399),12.487710078615091,55.6523309305399
1300,20190618,2019,POINT (12.49022298916054 55.64911673386253),12.49022298916054,55.64911673386253
3700,20090924,2009,POINT (12.569539076053983 55.70233661528426),12.569539076053983,55.70233661528426
1700,20100421,2010,POINT (12.555245843493019 55.691003257013804),12.555245843493019,55.691003257013804
5100,20100421,2010,POINT (12.557037142726768 55.689020363498464),12.557037142726768,55.689020363498464
